{
  "('SAGE', 5, True, 5)": [
    [
      17.988454818725586,
      3.2376227378845215,
      3.240349054336548,
      3.2338595390319824
    ],
    [
      16.312850952148438,
      2.5190589427948,
      2.517690896987915,
      2.524808883666992
    ]
  ],
  "('SAGE', 5, True, 6)": [
    [
      18.582611083984375,
      3.3636162281036377,
      3.3664424419403076,
      3.3590621948242188
    ],
    [
      17.574495315551758,
      3.154923439025879,
      3.158005714416504,
      3.150151252746582
    ]
  ],
  "('SAGE', 5, True, 7)": [
    [
      17.6392822265625,
      3.308500289916992,
      3.3110318183898926,
      3.303760051727295
    ],
    [
      17.007871627807617,
      3.2254838943481445,
      3.2282700538635254,
      3.2209954261779785
    ]
  ],
  "('SAGE', 5, False, 5)": [
    [
      18.067501068115234,
      3.3694934844970703,
      3.3721659183502197,
      3.364767551422119
    ],
    [
      17.634479522705078,
      3.3218836784362793,
      3.324472188949585,
      3.3172309398651123
    ]
  ],
  "('SAGE', 5, False, 6)": [
    [
      20.17557716369629,
      3.518754005432129,
      3.5216310024261475,
      3.5139172077178955
    ],
    [
      19.234046936035156,
      3.421339511871338,
      3.4242281913757324,
      3.4167613983154297
    ]
  ],
  "('SAGE', 5, False, 7)": [
    [
      19.116090774536133,
      3.441365957260132,
      3.4440910816192627,
      3.436549186706543
    ],
    [
      18.392284393310547,
      3.3646934032440186,
      3.3674163818359375,
      3.3600122928619385
    ]
  ],
  "('SAGE', 6, True, 5)": [
    [
      18.874849319458008,
      3.383687734603882,
      3.3862569332122803,
      3.3789477348327637
    ],
    [
      17.781204223632812,
      3.2460875511169434,
      3.2495431900024414,
      3.2426836490631104
    ]
  ],
  "('SAGE', 6, True, 6)": [
    [
      17.825115203857422,
      3.3159000873565674,
      3.3184399604797363,
      3.3111472129821777
    ],
    [
      17.082733154296875,
      3.212979316711426,
      3.215618371963501,
      3.207955837249756
    ]
  ],
  "('SAGE', 6, True, 7)": [
    [
      18.617570877075195,
      3.3819267749786377,
      3.384488582611084,
      3.3770880699157715
    ],
    [
      17.76361083984375,
      3.3160901069641113,
      3.318646192550659,
      3.3113763332366943
    ]
  ],
  "('SAGE', 6, False, 5)": [
    [
      20.990997314453125,
      3.5236260890960693,
      3.5264828205108643,
      3.518768548965454
    ],
    [
      20.266895294189453,
      3.5236260890960693,
      3.5264828205108643,
      3.518768548965454
    ]
  ],
  "('SAGE', 6, False, 6)": [
    [
      20.00040626525879,
      3.5081324577331543,
      3.5109338760375977,
      3.5032849311828613
    ],
    [
      19.116622924804688,
      3.4100465774536133,
      3.4130373001098633,
      3.4053955078125
    ]
  ],
  "('SAGE', 6, False, 7)": [
    [
      20.569103240966797,
      3.5236260890960693,
      3.5264828205108643,
      3.518768548965454
    ],
    [
      19.435815811157227,
      3.4531967639923096,
      3.4559545516967773,
      3.448380708694458
    ]
  ],
  "('SAGE', 7, True, 5)": [
    [
      18.43726921081543,
      3.226778507232666,
      3.229541301727295,
      3.2244210243225098
    ],
    [
      16.18372344970703,
      1.986217975616455,
      2.0054383277893066,
      2.0060155391693115
    ]
  ],
  "('SAGE', 7, True, 6)": [
    [
      20.209402084350586,
      3.5236260890960693,
      3.5264828205108643,
      3.518768548965454
    ],
    [
      19.324827194213867,
      3.451732635498047,
      3.455109119415283,
      3.447563648223877
    ]
  ],
  "('SAGE', 7, True, 7)": [
    [
      18.34982681274414,
      3.3434059619903564,
      3.3457987308502197,
      3.338388681411743
    ],
    [
      17.36254119873047,
      2.987164258956909,
      2.988755941390991,
      2.9883086681365967
    ]
  ],
  "('SAGE', 7, False, 5)": [
    [
      19.786983489990234,
      3.4916608333587646,
      3.4945242404937744,
      3.4868550300598145
    ],
    [
      18.9368896484375,
      3.4124581813812256,
      3.415642738342285,
      3.4080593585968018
    ]
  ],
  "('SAGE', 7, False, 6)": [
    [
      18.82944107055664,
      3.3923323154449463,
      3.394967555999756,
      3.3875365257263184
    ],
    [
      17.872610092163086,
      3.308084487915039,
      3.311014413833618,
      3.3036231994628906
    ]
  ],
  "('SAGE', 7, False, 7)": [
    [
      18.62566375732422,
      3.3971142768859863,
      3.3997743129730225,
      3.3923234939575195
    ],
    [
      17.92278480529785,
      3.321423053741455,
      3.323935031890869,
      3.316714286804199
    ]
  ]
}