{
  "('SAGE', 5, True, 5, 0.012)": [
    [
      19.196088790893555,
      3.396850824356079,
      3.3929998874664307,
      3.4072794914245605
    ],
    [
      17.965042114257812,
      3.0226497650146484,
      3.0196361541748047,
      3.0370101928710938
    ],
    [
      14.330581665039062,
      1.2315964698791504,
      1.2412205934524536,
      1.2428815364837646
    ],
    [
      6.332365989685059,
      1.1890963315963745,
      1.1998207569122314,
      1.2069389820098877
    ],
    [
      6.456742763519287,
      2.1691927909851074,
      2.1745004653930664,
      2.1749355792999268
    ],
    [
      8.24610424041748,
      1.8185019493103027,
      1.83203125,
      1.8273446559906006
    ],
    [
      6.861198425292969,
      1.1020841598510742,
      1.1153285503387451,
      1.1090742349624634
    ],
    [
      8.185022354125977,
      1.5264204740524292,
      1.5446736812591553,
      1.5645883083343506
    ],
    [
      6.101921558380127,
      1.9119348526000977,
      1.9205074310302734,
      1.9345457553863525
    ],
    [
      7.109687805175781,
      1.8632118701934814,
      1.8700720071792603,
      1.8898587226867676
    ],
    [
      6.967287063598633,
      1.513519287109375,
      1.5325238704681396,
      1.5209267139434814
    ],
    [
      6.033095359802246,
      1.1165997982025146,
      1.1328061819076538,
      1.1378023624420166
    ],
    [
      6.484322547912598,
      1.1154639720916748,
      1.1380959749221802,
      1.1413424015045166
    ],
    [
      6.348225116729736,
      1.3915867805480957,
      1.4048371315002441,
      1.4264229536056519
    ],
    [
      5.854925155639648,
      1.6170423030853271,
      1.6432381868362427,
      1.6344839334487915
    ],
    [
      6.177632808685303,
      1.6471129655838013,
      1.649786114692688,
      1.6711331605911255
    ],
    [
      6.1967692375183105,
      1.4538637399673462,
      1.4779080152511597,
      1.4882789850234985
    ],
    [
      5.869089126586914,
      1.2197227478027344,
      1.2449220418930054,
      1.239827275276184
    ],
    [
      5.754665374755859,
      1.1210461854934692,
      1.1325825452804565,
      1.1350517272949219
    ],
    [
      6.068577766418457,
      1.225106120109558,
      1.2425055503845215,
      1.2407546043395996
    ]
  ],
  "('GAT', 5, True, 5, 0.012)": [
    [
      17.87759780883789,
      3.2355525493621826,
      3.2316038608551025,
      3.245878219604492
    ],
    [
      16.323572158813477,
      2.777005195617676,
      2.77730655670166,
      2.788874626159668
    ],
    [
      12.28385066986084,
      1.092971682548523,
      1.1084978580474854,
      1.106911540031433
    ],
    [
      7.521769046783447,
      1.957715630531311,
      1.9671063423156738,
      1.9680403470993042
    ],
    [
      7.4376020431518555,
      2.0073227882385254,
      2.0223941802978516,
      2.021116256713867
    ],
    [
      7.608088493347168,
      1.5567792654037476,
      1.5630826950073242,
      1.5885915756225586
    ],
    [
      6.285384654998779,
      1.0891145467758179,
      1.0954115390777588,
      1.092644453048706
    ],
    [
      7.6349263191223145,
      1.3392785787582397,
      1.3489515781402588,
      1.3491437435150146
    ],
    [
      6.057165145874023,
      1.6881976127624512,
      1.6888333559036255,
      1.7122156620025635
    ],
    [
      6.4773945808410645,
      1.766377568244934,
      1.7845127582550049,
      1.7829865217208862
    ],
    [
      6.705207347869873,
      1.6303229331970215,
      1.6386061906814575,
      1.6381736993789673
    ],
    [
      6.315950870513916,
      1.3398411273956299,
      1.3570297956466675,
      1.35891592502594
    ],
    [
      5.903566360473633,
      1.137487769126892,
      1.1417185068130493,
      1.15867280960083
    ],
    [
      6.277325630187988,
      1.1488596200942993,
      1.1735856533050537,
      1.1752350330352783
    ],
    [
      6.144425868988037,
      1.3398675918579102,
      1.3605128526687622,
      1.3627781867980957
    ],
    [
      5.873297691345215,
      1.5326182842254639,
      1.537765622138977,
      1.5569603443145752
    ],
    [
      5.9896721839904785,
      1.5866395235061646,
      1.6016267538070679,
      1.5921289920806885
    ],
    [
      6.096130847930908,
      1.4890644550323486,
      1.5073899030685425,
      1.513686180114746
    ],
    [
      5.911815166473389,
      1.327397346496582,
      1.3393409252166748,
      1.3390130996704102
    ],
    [
      5.758062362670898,
      1.1882190704345703,
      1.193479061126709,
      1.1923017501831055
    ]
  ],
  "('GraphConv', 5, True, 5, 0.012)": [
    [
      19.18922996520996,
      3.3896851539611816,
      3.3855292797088623,
      3.400092124938965
    ],
    [
      17.88846778869629,
      3.0082130432128906,
      3.005739212036133,
      3.0205767154693604
    ],
    [
      14.18200397491455,
      1.3644658327102661,
      1.3736956119537354,
      1.3654932975769043
    ],
    [
      6.228194713592529,
      1.9742071628570557,
      1.9516574144363403,
      1.9434431791305542
    ],
    [
      31.089941024780273,
      1.6943187713623047,
      1.736031413078308,
      1.7318657636642456
    ],
    [
      6.590243339538574,
      2.6603012084960938,
      2.661693811416626,
      2.6677753925323486
    ],
    [
      11.341404914855957,
      2.9760842323303223,
      2.970957040786743,
      2.9856886863708496
    ],
    [
      13.919137001037598,
      3.08211088180542,
      3.0796234607696533,
      3.0931994915008545
    ],
    [
      14.862988471984863,
      3.1135237216949463,
      3.1112639904022217,
      3.124638795852661
    ],
    [
      15.163917541503906,
      3.115927219390869,
      3.113633155822754,
      3.127418279647827
    ],
    [
      15.186051368713379,
      3.0997509956359863,
      3.096357583999634,
      3.1102054119110107
    ],
    [
      15.034309387207031,
      3.0697333812713623,
      3.067258834838867,
      3.07930850982666
    ],
    [
      14.750044822692871,
      3.025393486022949,
      3.0235636234283447,
      3.0358238220214844
    ],
    [
      14.35310173034668,
      2.965510368347168,
      2.9608404636383057,
      2.9762330055236816
    ],
    [
      13.801921844482422,
      2.8831777572631836,
      2.8774614334106445,
      2.8931121826171875
    ],
    [
      13.11385440826416,
      2.7615060806274414,
      2.7606496810913086,
      2.771629571914673
    ],
    [
      12.175435066223145,
      2.589198589324951,
      2.5850603580474854,
      2.6031200885772705
    ],
    [
      10.860727310180664,
      2.3277413845062256,
      2.329826593399048,
      2.344278573989868
    ],
    [
      9.198309898376465,
      1.946791648864746,
      1.956959843635559,
      1.9625499248504639
    ],
    [
      7.35629415512085,
      1.4194018840789795,
      1.4407334327697754,
      1.4468063116073608
    ]
  ]
}