{
  "('SAGE', 5, True, 5)": [
    [
      20.497617721557617,
      3.5234906673431396,
      3.521782875061035,
      3.5245556831359863
    ]
  ],
  "('SAGE', 5, True, 6)": [
    [
      19.980388641357422,
      3.5234906673431396,
      3.521782875061035,
      3.5245556831359863
    ]
  ],
  "('SAGE', 5, True, 7)": [
    [
      17.662975311279297,
      3.2980399131774902,
      3.2962090969085693,
      3.298893451690674
    ]
  ],
  "('SAGE', 5, False, 5)": [
    [
      19.231399536132812,
      3.45344614982605,
      3.451777935028076,
      3.4544832706451416
    ]
  ],
  "('SAGE', 5, False, 6)": [
    [
      18.67504119873047,
      3.395871877670288,
      3.3941287994384766,
      3.3968679904937744
    ]
  ],
  "('SAGE', 5, False, 7)": [
    [
      19.966222763061523,
      3.5234906673431396,
      3.521782875061035,
      3.5245556831359863
    ]
  ],
  "('SAGE', 6, True, 5)": [
    [
      18.608592987060547,
      3.3932454586029053,
      3.3914289474487305,
      3.3941733837127686
    ]
  ],
  "('SAGE', 6, True, 6)": [
    [
      20.088130950927734,
      3.505388021469116,
      3.5035557746887207,
      3.5064163208007812
    ]
  ],
  "('SAGE', 6, True, 7)": [
    [
      19.504310607910156,
      3.450018882751465,
      3.448284387588501,
      3.4510908126831055
    ]
  ],
  "('SAGE', 6, False, 5)": [
    [
      20.819110870361328,
      3.5234906673431396,
      3.521782875061035,
      3.5245556831359863
    ]
  ],
  "('SAGE', 6, False, 6)": [
    [
      18.779796600341797,
      3.4127957820892334,
      3.4110426902770996,
      3.413771629333496
    ]
  ],
  "('SAGE', 6, False, 7)": [
    [
      21.032041549682617,
      3.5234906673431396,
      3.521782875061035,
      3.5245556831359863
    ]
  ],
  "('SAGE', 7, True, 5)": [
    [
      18.980031967163086,
      3.3571810722351074,
      3.3572540283203125,
      3.3603150844573975
    ]
  ],
  "('SAGE', 7, True, 6)": [
    [
      18.726856231689453,
      3.3896822929382324,
      3.3879826068878174,
      3.3906803131103516
    ]
  ],
  "('SAGE', 7, True, 7)": [
    [
      19.907075881958008,
      3.5143344402313232,
      3.5126709938049316,
      3.5154037475585938
    ]
  ],
  "('SAGE', 7, False, 5)": [
    [
      18.260555267333984,
      3.3187527656555176,
      3.316962957382202,
      3.319650650024414
    ]
  ],
  "('SAGE', 7, False, 6)": [
    [
      19.442283630371094,
      3.4486730098724365,
      3.4470016956329346,
      3.449739933013916
    ]
  ],
  "('SAGE', 7, False, 7)": [
    [
      20.415098190307617,
      3.5234906673431396,
      3.521782875061035,
      3.5245556831359863
    ]
  ]
}