{
  "('SAGE', 5, True, 5)": [
    [
      20.180980682373047,
      3.484011173248291,
      3.4880294799804688,
      3.4955389499664307
    ],
    [
      18.894287109375,
      3.2266128063201904,
      3.233119010925293,
      3.24381422996521
    ],
    [
      16.232311248779297,
      2.175635814666748,
      2.1877694129943848,
      2.2169036865234375
    ]
  ],
  "('SAGE', 5, True, 6)": [
    [
      18.608707427978516,
      3.330596446990967,
      3.334808111190796,
      3.3419413566589355
    ],
    [
      17.269559860229492,
      3.0514519214630127,
      3.0590169429779053,
      3.0684454441070557
    ],
    [
      14.585598945617676,
      1.984251618385315,
      1.996817946434021,
      2.014906167984009
    ]
  ],
  "('SAGE', 5, True, 7)": [
    [
      20.575111389160156,
      3.5219054222106934,
      3.5258779525756836,
      3.533127784729004
    ],
    [
      19.764301300048828,
      3.4185829162597656,
      3.423612356185913,
      3.4318971633911133
    ],
    [
      18.185543060302734,
      2.755986213684082,
      2.7714664936065674,
      2.7772889137268066
    ]
  ],
  "('SAGE', 5, False, 5)": [
    [
      21.4063720703125,
      3.5219054222106934,
      3.5258779525756836,
      3.533127784729004
    ],
    [
      20.34366798400879,
      3.485582113265991,
      3.490579843521118,
      3.4975759983062744
    ],
    [
      18.914588928222656,
      3.2055928707122803,
      3.214573383331299,
      3.224468946456909
    ]
  ],
  "('SAGE', 5, False, 6)": [
    [
      18.77910804748535,
      3.3741860389709473,
      3.3784124851226807,
      3.385615348815918
    ],
    [
      17.721839904785156,
      3.27449107170105,
      3.279031991958618,
      3.286184310913086
    ],
    [
      16.70416831970215,
      3.1296613216400146,
      3.13478422164917,
      3.1424410343170166
    ]
  ],
  "('SAGE', 5, False, 7)": [
    [
      19.324079513549805,
      3.4582881927490234,
      3.462336540222168,
      3.4695777893066406
    ],
    [
      18.61475372314453,
      3.395817279815674,
      3.3999786376953125,
      3.4072134494781494
    ],
    [
      17.94862937927246,
      3.3382418155670166,
      3.3424880504608154,
      3.3497211933135986
    ]
  ],
  "('SAGE', 6, True, 5)": [
    [
      19.529830932617188,
      3.4666812419891357,
      3.470700979232788,
      3.4780185222625732
    ],
    [
      18.703018188476562,
      3.303764581680298,
      3.308278799057007,
      3.3172593116760254
    ],
    [
      16.997982025146484,
      2.290564775466919,
      2.302597999572754,
      2.313462734222412
    ]
  ],
  "('SAGE', 6, True, 6)": [
    [
      20.114042282104492,
      3.5219054222106934,
      3.5258779525756836,
      3.533127784729004
    ],
    [
      19.403789520263672,
      3.469907283782959,
      3.4739837646484375,
      3.481231689453125
    ],
    [
      18.741117477416992,
      3.392841100692749,
      3.397336483001709,
      3.4044036865234375
    ]
  ],
  "('SAGE', 6, True, 7)": [
    [
      19.620525360107422,
      3.451890230178833,
      3.4563822746276855,
      3.463366985321045
    ],
    [
      18.549819946289062,
      2.9774038791656494,
      2.990103244781494,
      2.992640972137451
    ],
    [
      13.92306137084961,
      1.1093876361846924,
      1.1235681772232056,
      1.144753336906433
    ]
  ],
  "('SAGE', 6, False, 5)": [
    [
      20.19626235961914,
      3.5219054222106934,
      3.5258779525756836,
      3.533127784729004
    ],
    [
      19.41322898864746,
      3.464231252670288,
      3.4683055877685547,
      3.4756336212158203
    ],
    [
      18.678707122802734,
      3.388427495956421,
      3.3930342197418213,
      3.4002318382263184
    ]
  ],
  "('SAGE', 6, False, 6)": [
    [
      18.799488067626953,
      3.369964122772217,
      3.3741610050201416,
      3.381403923034668
    ],
    [
      17.67794418334961,
      3.267622709274292,
      3.272010326385498,
      3.279210329055786
    ],
    [
      16.634647369384766,
      3.1353707313537598,
      3.14062237739563,
      3.1477408409118652
    ]
  ],
  "('SAGE', 6, False, 7)": [
    [
      21.543256759643555,
      3.5219054222106934,
      3.5258779525756836,
      3.533127784729004
    ],
    [
      20.644269943237305,
      3.5219054222106934,
      3.5258779525756836,
      3.533127784729004
    ],
    [
      19.890695571899414,
      3.519449472427368,
      3.523411273956299,
      3.5307066440582275
    ]
  ],
  "('SAGE', 7, True, 5)": [
    [
      18.56938362121582,
      3.1767845153808594,
      3.1815829277038574,
      3.191112756729126
    ],
    [
      15.75241756439209,
      1.1931425333023071,
      1.2202534675598145,
      1.2319482564926147
    ],
    [
      6.598913669586182,
      2.3691961765289307,
      2.3691134452819824,
      2.3751320838928223
    ]
  ],
  "('SAGE', 7, True, 6)": [
    [
      21.226116180419922,
      3.5219054222106934,
      3.5258779525756836,
      3.533127784729004
    ],
    [
      19.68854331970215,
      2.7308995723724365,
      2.761749505996704,
      2.7628512382507324
    ],
    [
      11.878430366516113,
      1.975040078163147,
      1.9524019956588745,
      1.941797137260437
    ]
  ],
  "('SAGE', 7, True, 7)": [
    [
      18.043363571166992,
      3.346282482147217,
      3.350494384765625,
      3.35771107673645
    ],
    [
      17.432723999023438,
      3.2734975814819336,
      3.278001546859741,
      3.2852203845977783
    ],
    [
      16.694576263427734,
      3.1618881225585938,
      3.166609287261963,
      3.1744439601898193
    ]
  ],
  "('SAGE', 7, False, 5)": [
    [
      18.02833366394043,
      3.3220930099487305,
      3.326352596282959,
      3.3335747718811035
    ],
    [
      17.183603286743164,
      3.2124338150024414,
      3.217141628265381,
      3.224229335784912
    ],
    [
      16.09051513671875,
      2.9257893562316895,
      2.9329960346221924,
      2.9399046897888184
    ]
  ],
  "('SAGE', 7, False, 6)": [
    [
      19.64867401123047,
      3.4565136432647705,
      3.460590124130249,
      3.467831611633301
    ],
    [
      18.595558166503906,
      3.3623716831207275,
      3.366649866104126,
      3.3739211559295654
    ],
    [
      17.597843170166016,
      3.2114193439483643,
      3.215689182281494,
      3.2221505641937256
    ]
  ],
  "('SAGE', 7, False, 7)": [
    [
      19.860855102539062,
      3.473733901977539,
      3.4778788089752197,
      3.4849915504455566
    ],
    [
      18.7816104888916,
      3.3445346355438232,
      3.3492062091827393,
      3.356255054473877
    ],
    [
      17.418243408203125,
      2.9303927421569824,
      2.934494972229004,
      2.9433951377868652
    ]
  ]
}